{"cameraMode":{"drawMode":0,"name":"Shaded","section":"Shading Mode"},"sceneLighting":false,"audioPlay":false,"sceneViewState":{"m_AlwaysRefresh":false,"showFog":true,"showSkybox":false,"showFlares":true,"showImageEffects":true,"showParticleSystems":true,"showVisualEffectGraphs":true,"m_FxEnabled":true},"in2DMode":false,"pivot":{"x":0.022977370768785478,"y":0.16261780261993409,"z":-0.0057724229991436008},"rotation":{"x":0.025028904899954797,"y":0.2434384673833847,"z":-0.006287374068051577,"w":0.9695632457733154},"size":0.2087533175945282,"orthographic":false}