{"cameraMode":{"drawMode":0,"name":"Shaded","section":"Shading Mode"},"sceneLighting":false,"audioPlay":false,"sceneViewState":{"m_AlwaysRefresh":false,"showFog":true,"showSkybox":false,"showFlares":true,"showImageEffects":true,"showParticleSystems":true,"showVisualEffectGraphs":true,"m_FxEnabled":true},"in2DMode":false,"pivot":{"x":559.17529296875,"y":2.662869453430176,"z":440.5249328613281},"rotation":{"x":0.00006784801371395588,"y":-0.9934731721878052,"z":0.11405977606773377,"w":0.0006030473741702735},"size":12.43427562713623,"orthographic":false}